Unnamed: 0,id,comment_text,toxic,severe_toxic,obscene,threat,insult,identity_hate,clean,toxicity_similarity
49523,84647b023394abd9,"Where are your sources? Or proofs? Did you go on kabam forum and got response from their team? If not, why you havent? Youve been here reverting my changes for a week.

You had a hunch that smth changed. Thats it. And you allow yourself to change this article. NOT WRITE IT, CHANGE IT. So there are 2 editors who said they are playable, and you as 1 person are still right.
In a mean time, before i managed to reply you, smbdy else already changed hawkeye and spideman back. So, now there are 3 of us. Will you change it again?

Furthermore, you asked me to give you a proof, and i posted an ss. Now you are questioning validity of that, and my candour with it. Then why you bothered to ask me in a first place?! Because you are bored? Im not. Really am not.
And there are not more of you, there is only you. I am not explaining this to other readers or editors, nobody in this argument but you and me. There are other ppl editing this, they wouldve joined so far if they wanted. Stop using plural. 
Is hulk a bot in this picture?! Really?! Have you even played the game? And when you 'did' play, how many times your champ was on the right side in the battle?? Try to think before coming after someones integrity. Or just try to think. Anyplace. Anytime.

No, that is not my spiderman. Like a reasonable, logical being, after i seen that someone changed this article here, i asked my ally if they have one of the champs, and if they could try to play 1v1 with them. Only few people didnt sell those 1*s in my ally, but luckily one of them few had 2 of those and he sent me ss, which i posted here.
But being an awesome mate and even better human being, even i asked for only one ss, he sent me few of them ss1  ss2 ss3  ss4, apologized for late wolverine ss, and asked if i needed it better. I said no, cause i thought im dealing with a normal person. Honest mistake.

Ive done my elaborations. With even one ss, your whole theory falls, i really dont have to prove the others. That Thor i never seen, never heard about him, so i think its normal i never mentioned it, nor have i ever changed anything about him. Do try to contact kabam about that as well.

Now, im done writing to you. If you gonna ask for another ss, to prove every champ you think doesnt exist, exists, then you know where you can go.
I think ive proven more than i need, especially since i had to prove innocence in a first place. Meanwhile, ill keep changing it until i get blocked. Then im done with editing ever, ill die of heart attack before 40.
Auf wiedersehen, my french friend, hope you have a very lucky, lucky life.",0,0,0,0,0,0,where are your sources or proofs did you go on kabam forum and got response from their team if not why you havent youve been here reverting my changes for a week you had a hunch that smth changed thats it and you allow yourself to change this article not write it change it so there are 2 editors who said they are playable and you as 1 person are still right in a mean time before i managed to reply you smbdy else already changed hawkeye and spideman back so now there are 3 of us will you change it again furthermore you asked me to give you a proof and i posted an ss now you are questioning validity of that and my candour with it then why you bothered to ask me in a first place because you are bored im not really am not and there are not more of you there is only you i am not explaining this to other readers or editors nobody in this argument but you and me there are other ppl editing this they wouldve joined so far if they wanted stop using plural is hulk a bot in this picture really have you even played the game and when you did play how many times your champ was on the right side in the battle try to think before coming after someones integrity or just try to think anyplace anytime no that is not my spiderman like a reasonable logical being after i seen that someone changed this article here i asked my ally if they have one of the champs and if they could try to play 1v1 with them only few people didnt sell those 1 s in my ally but luckily one of them few had 2 of those and he sent me ss which i posted here but being an awesome mate and even better human being even i asked for only one ss he sent me few of them ss1 ss2 ss3 ss4 apologized for late wolverine ss and asked if i needed it better i said no cause i thought im dealing with a normal person honest mistake ive done my elaborations with even one ss your whole theory falls i really dont have to prove the others that thor i never seen never heard about him so i think its normal i never mentioned it nor have i ever changed anything about him do try to contact kabam about that as well now im done writing to you if you gonna ask for another ss to prove every champ you think doesnt exist exists then you know where you can go i think ive proven more than i need especially since i had to prove innocence in a first place meanwhile ill keep changing it until i get blocked then im done with editing ever ill die of heart attack before 40 auf wiedersehen my french friend hope you have a very lucky lucky life,0.08779148124251708
5712,0f484e56456b4dbd,""" why don´t you block vandercken he made a""""personal attack"""" How many @!$%?*# times are people going to try to redesign the Main Page? Leave it alone and focus on getting our articles up to scratch.""",0,0,0,0,0,0,why don t you block vandercken he made a personal attack how many times are people going to try to redesign the main page leave it alone and focus on getting our articles up to scratch,0.0771483690963117
96727,055871e4dd86211a,"Please stop. If you continue to vandalize Wikipedia, as you did to User:Animum/About, you will be blocked from editing.  ''''''",0,0,0,0,0,0,please stop if you continue to vandalize wikipedia as you did to user animum about you will be blocked from editing,0.0685774096825787
136350,d978203786f29444,"I... really have nothing left to say. My sincere apology... I will now post a restriction; I will cease going to the noticeboards, and only really edit articles that interest me. I will try to stop posting on talk pages as well. Far an away I am... i...i.. don't know what else to do except wait. I'm keeping up this page for now, in order to wait. Signed... yours truly,",0,0,0,0,0,0,i really have nothing left to say my sincere apology i will now post a restriction i will cease going to the noticeboards and only really edit articles that interest me i will try to stop posting on talk pages as well far an away i am i i don t know what else to do except wait i m keeping up this page for now in order to wait signed yours truly,0.06706945624866936
30918,522043b94903dfd4,"""When editing an article on Wikipedia there is a small field labelled """"Edit summary"""" under the main edit-box. It looks like this:

The text written here will appear on the Recent changes page, in the page revision history, on the diff page, and in the watchlists of users who are watching that article. See m:Help:Edit summary for full information on this feature.

When you leave the edit summary blank, some of your edits could be mistaken for vandalism and may be reverted, so please always briefly summarize your edits, especially when you are making subtle but important changes, like changing dates or numbers. Thank you. –   """,0,0,0,0,0,0,when editing an article on wikipedia there is a small field labelled edit summary under the main edit box it looks like this the text written here will appear on the recent changes page in the page revision history on the diff page and in the watchlists of users who are watching that article see m help edit summary for full information on this feature when you leave the edit summary blank some of your edits could be mistaken for vandalism and may be reverted so please always briefly summarize your edits especially when you are making subtle but important changes like changing dates or numbers thank you,0.0533637036962877
143894,0451c922680f99b9,"All the links from this page seem to have been deleted. I have postd my dream dictionary. I do beleive that posting links is valid. How else is such information to be conveyed. I have spent years analysing dreams. Its not a science. Yet I have attempted to backwards engineer dreams. Look at important events that could trigger dreams. Then see how the dream symbols relate to reality. Hey I maybe spamming. But other than posting up an entire dream dictionary how is such information to be conveyed. Really I thought this was a half decent sitye. Now I just see certain people enforce their own ideas. There is really no democracy.
For your interest this is my site

Dream symbols

That link to http://dmoz.org is useless. Its just a dream directory. Its imposible to joing it because the peopkle who run the sitys have long since lost interest. Just dump it. Its worthless.",0,0,0,0,0,0,all the links from this page seem to have been deleted i have postd my dream dictionary i do beleive that posting links is valid how else is such information to be conveyed i have spent years analysing dreams its not a science yet i have attempted to backwards engineer dreams look at important events that could trigger dreams then see how the dream symbols relate to reality hey i maybe spamming but other than posting up an entire dream dictionary how is such information to be conveyed really i thought this was a half decent sitye now i just see certain people enforce their own ideas there is really no democracy for your interest this is my site dream symbols that link to is useless its just a dream directory its imposible to joing it because the peopkle who run the sitys have long since lost interest just dump it its worthless,0.05274879583917428
108355,4340bbd38952ed7d,"""

 Why no comment? 

I started an article on """"Voice of the Retarded"""" and you speedily deleted it. I should think you would have somewhere noted reason for action and suggested how I could get an entry started. I put in a request for editorial help in writing it but can't find any responses. 'Sup?

The Voice of the Retarded is a long-established advocacy organization with a stable website http://www.vor.net and much influence in the field they serve. They are also quite controversial but are just as deserving of a place in Wikipedia as other advocacy groups for Persons With Disabilities.

  """,0,0,0,0,0,0,why no comment i started an article on voice of the retarded and you speedily deleted it i should think you would have somewhere noted reason for action and suggested how i could get an entry started i put in a request for editorial help in writing it but can t find any responses sup the voice of the retarded is a long established advocacy organization with a stable website and much influence in the field they serve they are also quite controversial but are just as deserving of a place in wikipedia as other advocacy groups for persons with disabilities,0.052424135020049153
85078,e3a3e061599ec8f9,We dont know its not like she can answer you,0,0,0,0,0,0,we dont know its not like she can answer you,0.05150905982862655
129649,b58487dbc5444993,"""

Memo to Ernest The Sheep
(The following was left on Ernest The Sheep's talk page and is copied here because it relevant to the article)  
 TABTAB
Your recent edit to the New Zealand section of the horse article removed the names of Phar Lap and Tulloch. When I restored those names in the edit previous to yours, my edit summary said """"Read two paragraphs above - """"The bloodstock industry is important to New Zealand, with the export sale of horses"""". That includes Tulloch and Phar Lap"""". And yet you still reverted by eliminating those two horses, leaving the edit summary """"Will it never end?, LOL""""''. You didn't give a reason for the revert. All you did was disrupt wikipedia. I have reverted to the version which includes Phar Lap and Tulloch who are both products Trelawney Stud Retrieved on 30 April 2009of the New Zealand horse racing stud industry. Read the cites. Where they later raced can never preclude them from being part of the NZ horse industry. So please don't revert again.  """,0,0,0,0,0,0,memo to ernest the sheep the following was left on ernest the sheep s talk page and is copied here because it relevant to the article tabtab your recent edit to the new zealand section of the horse article removed the names of phar lap and tulloch when i restored those names in the edit previous to yours my edit summary said read two paragraphs above the bloodstock industry is important to new zealand with the export sale of horses that includes tulloch and phar lap and yet you still reverted by eliminating those two horses leaving the edit summary will it never end lol you didn t give a reason for the revert all you did was disrupt wikipedia i have reverted to the version which includes phar lap and tulloch who are both products trelawney stud retrieved on 30 april 2009of the new zealand horse racing stud industry read the cites where they later raced can never preclude them from being part of the nz horse industry so please don t revert again,0.05113158722786427
158210,ea8358f9ecd55148,"""Concerning one point of disagreement concerning policy formulation in the above discussion, I would suggest that the normal approach is:
Yes, knowing something to be untrue, is generally accepted as a reason to tag or remove material. In fact, the extreme argument, which I do not have much sympathy with, is that questioning un-sourced material is always acceptable, no matter what the intention. (But then people generally add some proviso when arguing this extreme version, such as """"except when we are talking about obvious behavior issues"""".)
Trying to formulate what less extreme people think, I would say that believing something to be unlikely to be something that people could come to a consensus about being true is a valid reason for tagging or removing material.
This is perfectly consistent with our real way of working: verifiability, the ability to confirm that something is what rational people could agree to be true, is our threshold for inclusion, but not personal opinions about what is true.  

""",0,0,0,0,0,0,concerning one point of disagreement concerning policy formulation in the above discussion i would suggest that the normal approach is yes knowing something to be untrue is generally accepted as a reason to tag or remove material in fact the extreme argument which i do not have much sympathy with is that questioning un sourced material is always acceptable no matter what the intention but then people generally add some proviso when arguing this extreme version such as except when we are talking about obvious behavior issues trying to formulate what less extreme people think i would say that believing something to be unlikely to be something that people could come to a consensus about being true is a valid reason for tagging or removing material this is perfectly consistent with our real way of working verifiability the ability to confirm that something is what rational people could agree to be true is our threshold for inclusion but not personal opinions about what is true,0.04666822371731163
50577,873ec949ae211fb8,"Test edits 

 Please stop making test edits to Wikipedia. It is considered vandalism, which, under Wikipedia policy, can lead to blocking of editing privileges. If you would like to experiment again, please use the sandbox or show preview button.",0,0,0,0,0,0,test edits please stop making test edits to wikipedia it is considered vandalism which under wikipedia policy can lead to blocking of editing privileges if you would like to experiment again please use the sandbox or show preview button,0.04653895402438339
20043,34f8c3abd6339a36,"""

 Please Help There are Stalkers monitoring the Stalking Page - 

Stalkers Have found their way to this Page*-they have posted the Garbage (you can see by lack of flow abruptness, etc.. edit and delete all else
You can tell that it is not proper-it matches nothing* very choppy splicing and no flow.  Most """"Stalkers"""" do the -not-intilectual approach-
Yes, the actual Wikipedia """"Stalking"""" page, has Stalkers on it. . ..   They seem to be actual sociopaths - and have added Garbage to slander - stalking victims. ..    

- by the way, these people are going to try to draw you out into a conversation using manipulation i.e. emotional etc . . .  Please do not allow that 0

I added a small paragraph, which I incidentally found on the """"Harassment"""" topic - and it is accepted on Wiki already- as it is used on that page - it completed and matched the entire flow of page-but it was deleted (vandalized) on the 24th. Please Help !  Stalkers Have found their way to this Page*
-they have posted the Garbage edit and delete all else""",0,0,0,0,0,0,please help there are stalkers monitoring the stalking page stalkers have found their way to this page they have posted the garbage you can see by lack of flow abruptness etc edit and delete all else you can tell that it is not proper it matches nothing very choppy splicing and no flow most stalkers do the not intilectual approach yes the actual wikipedia stalking page has stalkers on it they seem to be actual sociopaths and have added garbage to slander stalking victims by the way these people are going to try to draw you out into a conversation using manipulation i e emotional etc please do not allow that 0 i added a small paragraph which i incidentally found on the harassment topic and it is accepted on wiki already as it is used on that page it completed and matched the entire flow of page but it was deleted vandalized on the 24th please help stalkers have found their way to this page they have posted the garbage edit and delete all else,0.04639257379378415
43534,7431b28eb2ae21ed,"High-yield debt 
 Please stop your disruptive editing. If you continue to vandalize Wikipedia,  you will be blocked from editing.   ☎",0,0,0,0,0,0,high yield debt please stop your disruptive editing if you continue to vandalize wikipedia you will be blocked from editing,0.04402463038176765
138162,e34ddb20c39a3d32,I personally don't find so strange the theory about Martians. The people that exist somewhere at the arrival of the settlers can be natives in a relation with them. I don't agree with the use of the term for the articles you enumerated either,0,0,0,0,0,0,i personally don t find so strange the theory about martians the people that exist somewhere at the arrival of the settlers can be natives in a relation with them i don t agree with the use of the term for the articles you enumerated either,0.040717513428174715
126710,a5ad818854db1f14,"The entire demographics section is laughable. I check up on it every 4 months or so to see what revision is in favour at present. Some residents decided to emigrate while others ran for their lives as cannibalistic soldiers approached... Please. Even within the section itself there are contradictions regardless of the POV wording. I am not going to bother dealing with it, but I would hope that someone with administrative rights decides to block those editors that are perverting the article. Just trying to spread some common sense.",0,0,0,0,0,0,the entire demographics section is laughable i check up on it every 4 months or so to see what revision is in favour at present some residents decided to emigrate while others ran for their lives as cannibalistic soldiers approached please even within the section itself there are contradictions regardless of the pov wording i am not going to bother dealing with it but i would hope that someone with administrative rights decides to block those editors that are perverting the article just trying to spread some common sense,0.036172168151745634
87879,eb1665e66eee7a9d,"Get lost vandal! 

Stop removing the notability tag from Steve Rackman. He's not notable and you know he's not notable! Stop making excuses and leave the tag alone! Better still, send it to AfD! 101.182.144.48",0,0,0,0,0,0,get lost vandal stop removing the notability tag from steve rackman he s not notable and you know he s not notable stop making excuses and leave the tag alone better still send it to afd 101 182 144 48,0.0357207567902691
113644,5fb5a24dbf1e3143,"""

 The Ouse 

You reverted my edit with a smart comment. The user who inserted the ref. is the claimed author of the """"work"""". I can find no trace of it in the ISBN catalogue, as I can find no trace of other """"works"""" the user cites on other pages.. I'm in the process of assembling a """"sock puppet"""" list for this user, and I'm currently up to a total of over 30 accounts he's used over the last 5 years, of which 5 of are current. I'd be grateful if you would leave any such edits of mine in place.   """,0,0,0,0,0,0,the ouse you reverted my edit with a smart comment the user who inserted the ref is the claimed author of the work i can find no trace of it in the isbn catalogue as i can find no trace of other works the user cites on other pages i m in the process of assembling a sock puppet list for this user and i m currently up to a total of over 30 accounts he s used over the last 5 years of which 5 of are current i d be grateful if you would leave any such edits of mine in place,0.035155534727757336
145026,164283fa05755f79,"""{| style=""""background-color:#F5FFFA; padding:0;"""" cellpadding=""""0""""
|class=""""MainPageBG"""" style=""""border:1px solid #084080; background-color:#F5FFFA; vertical-align:top; color:#000000; font-size:85%""""|
 Hello ! Welcome to Wikipedia! Thank you for your contributions. If you decide that you need help, check out Getting Help below, ask me on my talk page, or place {{helpme}} on your talk page and someone will show up shortly to answer your questions. Please remember to sign your name on talk pages by clicking  or using four tildes (~~~~); this will automatically produce your username and the date. Finally, please do your best to always fill in the edit summary field. Below are some useful links to facilitate your involvement. Happy editing!   
{| width=""""100%"""" style=""""background-color:#F5FFFA;""""
|class=""""MainPageBG"""" style=""""width: 55%; border:1px solid #FFFFFF; background-color:#F5FFFA; vertical-align:top""""|
 Getting Started Wikipedia Tutorial • The five pillars of Wikipedia
 How to: edit a page • Your first article • Upload an image • Citing Sources (References) Getting Help Frequently Asked Questions
 Where to ask questions or make comments
 Request administrator attention Policies and Guidelines Neutral point of view • Reliable sources
 Verifiability • Citing sources • No original research
 What Wikipedia is not • Biographies of living persons

 Manual of Style • Three-revert rule • Sock puppetry
 Copyrights • Fair use • Image use policy
 External links • Spam • Vandalism
 Deletion policy • Conflict of interest • Notability
|class=""""MainPageBG"""" style=""""width: 55%; border:1px solid #FFFFFF; background-color:#F5FFFA; vertical-align:top""""|
{| width=""""100%"""" cellpadding=""""0"""" cellspacing=""""5"""" style=""""vertical-align:top; background-color:#F5FFFA""""
! The Community
|-
|style=""""color:#000""""|
 Build consensus • Resolving disputes
 Assume good faith • Civility • Etiquette
 No personal attacks • [[Wikipedia:No legal threa",0,0,0,0,0,0,style background color f5fffa padding 0 cellpadding 0 class mainpagebg style border 1px solid 084080 background color f5fffa vertical align top color 000000 font size 85 hello welcome to wikipedia thank you for your contributions if you decide that you need help check out getting help below ask me on my talk page or place helpme on your talk page and someone will show up shortly to answer your questions please remember to sign your name on talk pages by clicking or using four tildes this will automatically produce your username and the date finally please do your best to always fill in the edit summary field below are some useful links to facilitate your involvement happy editing width 100 style background color f5fffa class mainpagebg style width 55 border 1px solid ffffff background color f5fffa vertical align top getting started wikipedia tutorial the five pillars of wikipedia how to edit a page your first article upload an image citing sources references getting help frequently asked questions where to ask questions or make comments request administrator attention policies and guidelines neutral point of view reliable sources verifiability citing sources no original research what wikipedia is not biographies of living persons manual of style three revert rule sock puppetry copyrights fair use image use policy external links spam vandalism deletion policy conflict of interest notability class mainpagebg style width 55 border 1px solid ffffff background color f5fffa vertical align top width 100 cellpadding 0 cellspacing 5 style vertical align top background color f5fffa the community style color 000 build consensus resolving disputes assume good faith civility etiquette no personal attacks wikipedia no legal threa,0.03503511259049118
85415,e4771b002537def6,"This is Spitfire 

I'm a giant douche, that's why I monitor Wikipedia 24/7. I've never been laid and live in my mommy's basement, even though I'm 48 years old. To all the ladies, please give me a chance.... even though my penis is only 2 inches long.",0,0,1,0,0,0,this is spitfire i m a giant douche that s why i monitor wikipedia 24 7 i ve never been laid and live in my mommy s basement even though i m 48 years old to all the ladies please give me a chance even though my penis is only 2 inches long,0.033755026451249476
132077,c2c5041cc04e7325,"Shared IP Unblock 

One of my students just received the message informing us of the unblock.  I would like to thank you for taking the time to review the request that I sent in.  I can assure you that nothing like this will happen in the future, as I've made sure that the students responsible have learned their lesson.  Again, thank you very much for your time.  Sincerely, Mrs. Dawn Booher",0,0,0,0,0,0,shared ip unblock one of my students just received the message informing us of the unblock i would like to thank you for taking the time to review the request that i sent in i can assure you that nothing like this will happen in the future as i ve made sure that the students responsible have learned their lesson again thank you very much for your time sincerely mrs dawn booher,0.03327428421810057
50754,87b46292f629ed59,"""

""""the real discussion is not about m/z or m/q but it is about wether the mass-to-charge ratio is a physical unit of dimension mass/charge or wether it is a dimensionless unit.  As someone who is interested in physics you may understand that I have real problems seeing a dimensionless m/z on the mass-to-charge ratio page.  It is the equivalent to have, for example, the """"electronic charge"""" in the article of the """"electric current"""".
This is the problem that I think you're either misunderstanding or too stubborn about your POV to accept. Whether or not you want to discuss the usage of m/z it still is accepted by IUPAC, which btw is not in any way a minority but reflects majority opinion amongst chemists. The wiki entries on notations, standards, units and the like should reflect nothing other than what bodies like IUPAP, IUPAC, and ISO, etc. deicide. I think you'll at least concede that your particular view about m/z is far more of a minority position than that of IUPAC's? Because I agree with you, I said that you should be allowed the opportunity to add a brief explanation of why there may be confusion, along with a discussion of other units, and to add an external link to any reputable journal where there has been a discussion of the problems of m/z. The most recent edit still looks like an attempt to completely discredit the concept of m/z altogether, which is still your POV.
Please keep the rest of the discussion about this mediation on the mediation page.  """,0,0,0,0,0,0,the real discussion is not about m z or m q but it is about wether the mass to charge ratio is a physical unit of dimension mass charge or wether it is a dimensionless unit as someone who is interested in physics you may understand that i have real problems seeing a dimensionless m z on the mass to charge ratio page it is the equivalent to have for example the electronic charge in the article of the electric current this is the problem that i think you re either misunderstanding or too stubborn about your pov to accept whether or not you want to discuss the usage of m z it still is accepted by iupac which btw is not in any way a minority but reflects majority opinion amongst chemists the wiki entries on notations standards units and the like should reflect nothing other than what bodies like iupap iupac and iso etc deicide i think you ll at least concede that your particular view about m z is far more of a minority position than that of iupac s because i agree with you i said that you should be allowed the opportunity to add a brief explanation of why there may be confusion along with a discussion of other units and to add an external link to any reputable journal where there has been a discussion of the problems of m z the most recent edit still looks like an attempt to completely discredit the concept of m z altogether which is still your pov please keep the rest of the discussion about this mediation on the mediation page,0.03236989553318971
102663,2563c1726f92f259,"Revert 

Hi.  You reverted me here. Your edit resulted in a link to a dab page. I don't believe we should be linking to a dab page.  Tx.",0,0,0,0,0,0,revert hi you reverted me here your edit resulted in a link to a dab page i don t believe we should be linking to a dab page tx,0.03093641068195915
7637,144d79f0409e390c,"""|decline=I would agree that you haven't violated Wikipedia:Three-revert rule, but I am uncomfortable in unblocking you since you have also been disregarding Wikipedia:Biographies of living persons. I suggest you take the next 24 hours to familiarise yourself with this policy instead of resuming your edit war.   ►  }}""",0,0,0,0,0,0,decline i would agree that you haven t violated wikipedia three revert rule but i am uncomfortable in unblocking you since you have also been disregarding wikipedia biographies of living persons i suggest you take the next 24 hours to familiarise yourself with this policy instead of resuming your edit war,0.028504200068217075
92097,f635f780a0ead39a,""" 2007 (UTC)

 TedFrank, your response here is insufficient in light of the history of objections to your deletions of others' work, and in light of the sincerity and length of the editor asking the question. You have a history of taking unilateral actions without discussion or consensus and then giving impoverished responses as you """"reason."""" See similar expressions of concern from other editors above and below this post. Please stop. This is a warning.  04:29, 28 July""",0,0,0,0,0,0,2007 utc tedfrank your response here is insufficient in light of the history of objections to your deletions of others work and in light of the sincerity and length of the editor asking the question you have a history of taking unilateral actions without discussion or consensus and then giving impoverished responses as you reason see similar expressions of concern from other editors above and below this post please stop this is a warning 04 29 28 july,0.0280864146037472
112071,5799c73b4c9bb37c,"""

Absorption = Fujiwhara effect, as it is an interaction. If the law has to go with yours, why does the article has a few examples of systems merging or absorbing? This is ridiculous! 
Besides, a sentence sates it here in the article that Alpha was absorbed by Wilma, and why can't we show a picture of it for viewers to get more information like, a view of there own? You should wake up from your sleep. (talk✉) """,0,0,0,0,0,0,absorption fujiwhara effect as it is an interaction if the law has to go with yours why does the article has a few examples of systems merging or absorbing this is ridiculous besides a sentence sates it here in the article that alpha was absorbed by wilma and why can t we show a picture of it for viewers to get more information like a view of there own you should wake up from your sleep talk,0.02716873203679352
110809,50cbfd29c75f364d,"""::: However, we could clearly mention something about Dick Cheny being a constant """"joke"""" on shows like the Daily Show. Including a man sized safe in his office and assassin squads... Wait, who are you? What are you doing... NO!!! *BLAM BLAM* AARRRRRRGH 213.141.89.20  

""",0,0,0,0,0,0,however we could clearly mention something about dick cheny being a constant joke on shows like the daily show including a man sized safe in his office and assassin squads wait who are you what are you doing no blam blam aarrrrrrgh 213 141 89 20,0.02540156825883078
63780,aaa9b6099049ebfa,"""

plagiarism
Large portions of the article read as though they were written a century ago: and indeed they were; much turns out to have been taken verbatim from the source referenced in note 1, McClintock/Cyclopaedia of Biblical, theological, and ecclesiastical literature (1889) (""""Bronze Age Writing"""" section from p 992, etc., see Google Books) Quite aside from the issue of propriety is the fact that the information presented is rather... dated.
  """,0,0,0,0,0,0,plagiarism large portions of the article read as though they were written a century ago and indeed they were much turns out to have been taken verbatim from the source referenced in note 1 mcclintock cyclopaedia of biblical theological and ecclesiastical literature 1889 bronze age writing section from p 992 etc see google books quite aside from the issue of propriety is the fact that the information presented is rather dated,0.02478550805506855
56960,983da94c1b5f5777,"Imperial triple crown jewels 

' upon Ragesoss for your contributions in the areas of WP:DYK, WP:GA, and WP:FA.   ]]  Thank you for contributions to the project, Great work, especially on those Featured pictures - beautiful and'' quite useful to the project, nice work.  May you wear the crowns well.",0,0,0,0,0,0,imperial triple crown jewels upon ragesoss for your contributions in the areas of wp dyk wp ga and wp fa thank you for contributions to the project great work especially on those featured pictures beautiful and quite useful to the project nice work may you wear the crowns well,0.02318817600160515
157216,daa605106c2f3fbe,""":I agree that there might be a problem  however, I generally agree with the changes made since Nov./05 and still do.  Moreover, your above analysis et al. is not necessarily agreeable and glazes over usage of the term, which is no less valid or verifiable, that might differ from cited definitions which seem (IMO) incomplete and minimalist.  For instance, an online search will reveal a number of instances of """"single(-)star system"""" and I think it somewhat difficult to demonstrate they they too are incorrect.  Even if those are discarded, applying this notion merely to systems with two or more stars (double, trinary) to the exclusion of single-star entities (e.g., the Solar System) seems rather illogical.  Alternatively, the current article and definition/content is neither beyond the scope of the topic nor inaccurate.

Thus, I defer to my prior comments: until there is overwhelming evidence to support this position (and I yet do not see it) or additional editorial comment, I see little reason to change the status quo.  

""",0,0,0,0,0,0,i agree that there might be a problem however i generally agree with the changes made since nov 05 and still do moreover your above analysis et al is not necessarily agreeable and glazes over usage of the term which is no less valid or verifiable that might differ from cited definitions which seem imo incomplete and minimalist for instance an online search will reveal a number of instances of single star system and i think it somewhat difficult to demonstrate they they too are incorrect even if those are discarded applying this notion merely to systems with two or more stars double trinary to the exclusion of single star entities e g the solar system seems rather illogical alternatively the current article and definition content is neither beyond the scope of the topic nor inaccurate thus i defer to my prior comments until there is overwhelming evidence to support this position and i yet do not see it or additional editorial comment i see little reason to change the status quo,0.022315433052466447
110520,4f4aed9185e9de78,"""
 What Kiaxar is doing is extremely disruptive, and he is going back to his own reversions. Dougweller, rather than step in to correct it and have It put back again by Kiaxar, I think page protection should be necessary.   ☎   """,0,0,0,0,0,0,what kiaxar is doing is extremely disruptive and he is going back to his own reversions dougweller rather than step in to correct it and have it put back again by kiaxar i think page protection should be necessary,0.022281606310096364
112227,58643b6d928c9154,""":The wording that was reverted was as follows:


Northern Ireland (, Ulster Scots: Norlin Airlann) is a part of the United Kingdom of Great Britain and Northern Ireland[2]...

2 In common with the other constituent parts of the United Kingdom, Northern Ireland is sometimes referred to as a """"country"""" (example). The UK government also refers specifically to Northern Ireland as being a """"province"""" (UK: example; NI: example) or a """"region"""" (UK: example; NI: example). Regardless of the choice of term, it is likely to be unsatisfactory and can imply a preferred political perspective:
 """"One problem must be adverted to in writing about Northern Ireland. This is the question of what name to give to the various geographical entities. These names can be controversial, with the choice often revealing one's political preferences. ... some refer to Northern Ireland as a 'province'. That usage can arouse irritation particularly among nationalists, who claim the title 'province' should be properly reserved to the four historic provinces of Ireland-Ulster, Leinster, Munster, and Connacht. If I want to a label to apply to Northern Ireland I shall call it a 'region'. Unionists should find that title as acceptable as 'province': Northern Ireland appears as a region in the regional statistics of the United Kingdom published by the British government."""" - J. Whyte and G. FitzGerald, 1991, Interpreting Northern Ireland, Oxford University Press: Oxford
 """"One specific problem - in both general and particular senses - is to know what to call Northern Ireland itself: in the general sense, it is not a country, or a province, or a state - although some refer to it contemptuously as a statelet: the least controversial word appears to be jurisdiction, but this might change."""" - S. Dunn and H. Dawson, 2000, An Alphabetical Listing of Word, Name and Place in Northern Ireland and the Living Language of Conflict, Edwin Mellen Press: Lampeter
 """"Next - what noun is appropriate to Northern Ireland? 'Province' won't do since one-third of the province is on the wrong side of the border. 'State' implies more self-determination than Northern Ireland has ever had and 'country' or 'nation' are blatantly absurd. 'Colony' has overtones that would be resented by both communities and 'statelet' sounds too patronizing, though outsiders might consider it more precise than anything else; so one is left with the unsatisfactory word 'region'."""" - D. Murphy, 1979, A Place Apart, Penguin Books: London and it is situated in the north-east of the island of Ireland. It shares a border with the Republic of Ireland to the south and west. At the time of the 2001 UK Census, its population was 1,685,000, constituting between a quarter and a third of the island's total population and about 3% of the population of the United Kingdom.


Snowded, what is it that you find incorrect about this? The phrasing used is verbatium copy of how Northern Ireland is described on that 10 Downing Street webpage you keep wheeling out:""""Northern Ireland is a part of the United Kingdom...""""
Your approach is based on a cherry picking of sources. The copy you oppose is neutral, source-based and explains the issue clearly, factually and fairly. If there are specific issues with it then critique it. Don't just say, """"I don't like it"""". rannṗáirtí anaiṫnid (coṁrá) 

""",0,0,0,0,0,0,the wording that was reverted was as follows northern ireland ulster scots norlin airlann is a part of the united kingdom of great britain and northern ireland 2 2 in common with the other constituent parts of the united kingdom northern ireland is sometimes referred to as a country example the uk government also refers specifically to northern ireland as being a province uk example ni example or a region uk example ni example regardless of the choice of term it is likely to be unsatisfactory and can imply a preferred political perspective one problem must be adverted to in writing about northern ireland this is the question of what name to give to the various geographical entities these names can be controversial with the choice often revealing one s political preferences some refer to northern ireland as a province that usage can arouse irritation particularly among nationalists who claim the title province should be properly reserved to the four historic provinces of ireland ulster leinster munster and connacht if i want to a label to apply to northern ireland i shall call it a region unionists should find that title as acceptable as province northern ireland appears as a region in the regional statistics of the united kingdom published by the british government j whyte and g fitzgerald 1991 interpreting northern ireland oxford university press oxford one specific problem in both general and particular senses is to know what to call northern ireland itself in the general sense it is not a country or a province or a state although some refer to it contemptuously as a statelet the least controversial word appears to be jurisdiction but this might change s dunn and h dawson 2000 an alphabetical listing of word name and place in northern ireland and the living language of conflict edwin mellen press lampeter next what noun is appropriate to northern ireland province won t do since one third of the province is on the wrong side of the border state implies more self determination than northern ireland has ever had and country or nation are blatantly absurd colony has overtones that would be resented by both communities and statelet sounds too patronizing though outsiders might consider it more precise than anything else so one is left with the unsatisfactory word region d murphy 1979 a place apart penguin books london and it is situated in the north east of the island of ireland it shares a border with the republic of ireland to the south and west at the time of the 2001 uk census its population was 1 685 000 constituting between a quarter and a third of the island s total population and about 3 of the population of the united kingdom snowded what is it that you find incorrect about this the phrasing used is verbatium copy of how northern ireland is described on that 10 downing street webpage you keep wheeling out northern ireland is a part of the united kingdom your approach is based on a cherry picking of sources the copy you oppose is neutral source based and explains the issue clearly factually and fairly if there are specific issues with it then critique it don t just say i don t like it rann irt anai nid co r,0.022082724782326833
42179,708ec74751942f85,"I have reinstalled the 1930 date; even your source dates the code to 1930. Even if the code only became binding in 1934 (as claimed by this article), it is factually inaccurate to say the code itself was first implemented in any year other than 1930.",0,0,0,0,0,0,i have reinstalled the 1930 date even your source dates the code to 1930 even if the code only became binding in 1934 as claimed by this article it is factually inaccurate to say the code itself was first implemented in any year other than 1930,0.020719945176598118
18761,31836de3f1593c01,I don't understand why we have a screenshot of AP's GUI but not UB. Can someone remedy this?,0,0,0,0,0,0,i don t understand why we have a screenshot of ap s gui but not ub can someone remedy this,0.020470557916345812
56671,9769e9e86f7559f0,"Thanks for your help 

Thanks for all your helps with the vandal reverts. We sure do appreciate the hard work!137.240.136.80",0,0,0,0,0,0,thanks for your help thanks for all your helps with the vandal reverts we sure do appreciate the hard work 137 240 136 80,0.019645350144282252
33308,58bc3c80b52e5f5c,"""

""""Wikipedia is no place for cruelty, even a clichéd one!""""  Agreed. I have tagged it for cleanup. It obviously needs a wider set of views. Also, my lack of response was because I was absent from WP.   (talk - contribs) """,0,0,0,0,0,0,wikipedia is no place for cruelty even a clich d one agreed i have tagged it for cleanup it obviously needs a wider set of views also my lack of response was because i was absent from wp talk contribs,0.01891990759835202
28876,4c86b3037d5e9ddb,"""
No, it just makes it a bigger Cabal, and now you are implicated as a member ;-)  DanielTom has now been blocked with email and talk page revoked.  I never understood the whole """"all admin act together"""" mentality.  If you put any 4 in a room, you couldn't get them to agree on toppings for a pizza. There is always one that insists on pineapple or anchovies.    / 2¢ / © / @ """,0,0,0,0,0,0,no it just makes it a bigger cabal and now you are implicated as a member danieltom has now been blocked with email and talk page revoked i never understood the whole all admin act together mentality if you put any 4 in a room you couldn t get them to agree on toppings for a pizza there is always one that insists on pineapple or anchovies 2,0.018103872393663754
74192,c682e344b9b9ec91,"""

 Citations from NLA Trove 

Hello Kerry! You have visited a number of articles initiated by me, and done some useful housekeeping by converting citations based on NLA Trove to a persistent URL. For example - see this diff. I'm not fully aware of the significance of these changes, nor am I capable of using WP:AWB. The following articles were also initiated by me, contain many citations of NLA Trove, but have not been up-dated with the persistent URL:
VH-RMI
VH-RMQ
VH-TVC
I would be grateful if you would visit these three articles and work your magic. Many thanks.  (t) """,0,0,0,0,0,0,citations from nla trove hello kerry you have visited a number of articles initiated by me and done some useful housekeeping by converting citations based on nla trove to a persistent url for example see this diff i m not fully aware of the significance of these changes nor am i capable of using wp awb the following articles were also initiated by me contain many citations of nla trove but have not been up dated with the persistent url vh rmi vh rmq vh tvc i would be grateful if you would visit these three articles and work your magic many thanks t,0.017155609612757087
411,01076f023a99d133,"""
Everywhere. Though I might just start going thru the secure server all the time, because I have a similar issue with the popups userinfo grabber. –xenotalk """,0,0,0,0,0,0,everywhere though i might just start going thru the secure server all the time because i have a similar issue with the popups userinfo grabber xenotalk,0.017088610454390772
19204,32bc1dd8a58e5c16,I'm sorry that you feel this way.,0,0,0,0,0,0,i m sorry that you feel this way,0.016019526764963314
121290,88ef825af46526d8,"""

 Message 

Hi, I explained the """"hypocritical"""" part for you on Fastily's talk page. It's all about one .   """,0,0,0,0,0,0,message hi i explained the hypocritical part for you on fastily s talk page it s all about one,0.015789574478860445
42279,70d0ba80e71fdf48,~I heard that Dick Gephardt was actually president in 1988 but that the Miami Dolphins made us all forget during a mass hypnosis. 68.0.119.139,0,0,0,0,0,0,i heard that dick gephardt was actually president in 1988 but that the miami dolphins made us all forget during a mass hypnosis 68 0 119 139,0.013552634389465168
125361,9e9444960f5b45f5,"""
Isn't the point that religious sources on a religious subject are, ehm, biased? talk """,0,0,0,0,0,0,isn t the point that religious sources on a religious subject are ehm biased talk,0.008655213054314362
114440,641b3f071cef2d78,"(The Times, Monday, June 4th, 1928) ~ Foreign Office List.  Order of St. Michael & St. George. ORDER OF MERIT ~ (Sir) George Abraham Grierson, K.C.I.E., Ph.D., D.Litt., LL.D.  In recognition of his eminent position as an oriental scholar & of the value to the Empire of his work on Indian Languages and Dialects.",0,0,0,0,0,0,the times monday june 4th 1928 foreign office list order of st michael st george order of merit sir george abraham grierson k c i e ph d d litt ll d in recognition of his eminent position as an oriental scholar of the value to the empire of his work on indian languages and dialects,0.008321238622691114
66155,b0ea8fd5ce2eb856,This proves me correct: you were here within minutes.,0,0,0,0,0,0,this proves me correct you were here within minutes,0.004606945650435125
81481,d9f147b4e17259bc,"Vandalism 

Someone messed up the order of entrances with superstars from TNA and even legends. Someone please correct them.",0,0,0,0,0,0,vandalism someone messed up the order of entrances with superstars from tna and even legends someone please correct them,0.00401394343586242
27095,47b2049e9d39f173,"How is it greater precision to widen the definition?  My opinion is that shock, fatigue and exhaustion are all much more recognizable, more meaningful and negative than simply disorder.  In turn, this means that disorder is more neutral and thus euphemistic.",0,0,0,0,0,0,how is it greater precision to widen the definition my opinion is that shock fatigue and exhaustion are all much more recognizable more meaningful and negative than simply disorder in turn this means that disorder is more neutral and thus euphemistic,0.003176102226858205
153204,990b317fdc4838a1,REDIRECT Talk:Vanda 'Miss Joaquim',0,0,0,0,0,0,redirect talk vanda miss joaquim,0.002792195538973404
66735,b2957cfdc0f22118,"You appear to have forgotten to sign your post using ~~~~. Also, see here.",0,0,0,0,0,0,you appear to have forgotten to sign your post using also see here,0.0021983087251478198
5411,0e6ac078cdff5549,nope. TR was very keen on this point.,0,0,0,0,0,0,nope tr was very keen on this point,0.0016750019873667703
70585,bce0a7bd3f10b7f4,Mind your business,0,0,0,0,0,0,mind your business,0.0
