comment_text,toxic,severe_toxic,obscene,threat,insult,identity_hate,llama_similarity
"""|decline=I would agree that you haven't violated Wikipedia:Three-revert rule, but I am uncomfortable in unblocking you since you have also been disregarding Wikipedia:Biographies of living persons. I suggest you take the next 24 hours to familiarise yourself with this policy instead of resuming your edit war.   ►  }}""",0,0,0,0,0,0,0.67225206
"""

Memo to Ernest The Sheep
(The following was left on Ernest The Sheep's talk page and is copied here because it relevant to the article)  
 TABTAB
Your recent edit to the New Zealand section of the horse article removed the names of Phar Lap and Tulloch. When I restored those names in the edit previous to yours, my edit summary said """"Read two paragraphs above - """"The bloodstock industry is important to New Zealand, with the export sale of horses"""". That includes Tulloch and Phar Lap"""". And yet you still reverted by eliminating those two horses, leaving the edit summary """"Will it never end?, LOL""""''. You didn't give a reason for the revert. All you did was disrupt wikipedia. I have reverted to the version which includes Phar Lap and Tulloch who are both products Trelawney Stud Retrieved on 30 April 2009of the New Zealand horse racing stud industry. Read the cites. Where they later raced can never preclude them from being part of the NZ horse industry. So please don't revert again.  """,0,0,0,0,0,0,0.74228925
"""When editing an article on Wikipedia there is a small field labelled """"Edit summary"""" under the main edit-box. It looks like this:

The text written here will appear on the Recent changes page, in the page revision history, on the diff page, and in the watchlists of users who are watching that article. See m:Help:Edit summary for full information on this feature.

When you leave the edit summary blank, some of your edits could be mistaken for vandalism and may be reverted, so please always briefly summarize your edits, especially when you are making subtle but important changes, like changing dates or numbers. Thank you. –   """,0,0,0,0,0,0,0.53951025
I regard you a racist. I will request you be banned from life.,1,0,0,0,0,0,0.8553658
su.cked my c.ock last night,1,1,1,0,1,0,0.60908115
Ajohnson170 is a son of a bitch and a dog-eating motherfucker.,1,1,1,0,1,0,0.82599473
"""

You still blow me off. If you are not even going listen to me, I'm done with you. I'd rather talk to someone else. I give you  all these reasons, and you comes off as """"Sorry, idiotic person lower than me. I dont care what you say"""". Your being one huge ass prick. I'm going ignore that part of the rule, partially by your attitude. PERIOD.   JUSTICE IS SERVED! """,1,0,1,0,1,0,0.86019695
""" 2007 (UTC)

 TedFrank, your response here is insufficient in light of the history of objections to your deletions of others' work, and in light of the sincerity and length of the editor asking the question. You have a history of taking unilateral actions without discussion or consensus and then giving impoverished responses as you """"reason."""" See similar expressions of concern from other editors above and below this post. Please stop. This is a warning.  04:29, 28 July""",0,0,0,0,0,0,0.7020964
"SHUT UP, FAG 

LOL YOU WILL BAN ME HUH?
OOH IM SHAKIN IM SHAKIN

FUCKING FAGGOT YOU NEED TO GO BACK TO HIGH SCHOOL 
OR GET SOME FUCKING BRAINS

ASSWIPE!",1,0,1,0,1,0,0.6063626
"""""""Please do not add defamatory content to Wikipedia, as you did to List of WWE Intercontinental Champions.""""

What a fucking hypocrite. The fact that you left me a message telling me what a fucking douchebag I am just goes to show what a massive tool you are. Just for your information, that 100 day rule was something I started 2 years ago.

""",1,0,1,0,1,0,0.85842776
His name is fucking Cohen. Enough said.,1,0,1,0,0,0,0.77284527
"LOL what a load of unsourced, unscientific bullcrap 
What about making this article more scientific so people can actually use it?? There is no technical info.  Come on, it doesn't take an university degree to describe it. It's merely selective breeding, it is well documented and has been practiced for 1000's of years with animals. It shouldn't be hard to describe the science behind it as the mechanisms are exactly the same with humans. There are no principal differences between breeding an intelligent search dog and an intelligent human, the method is the same. 93.161.107.169",1,0,0,0,0,0,0.7802858
"The entire demographics section is laughable. I check up on it every 4 months or so to see what revision is in favour at present. Some residents decided to emigrate while others ran for their lives as cannibalistic soldiers approached... Please. Even within the section itself there are contradictions regardless of the POV wording. I am not going to bother dealing with it, but I would hope that someone with administrative rights decides to block those editors that are perverting the article. Just trying to spread some common sense.",0,0,0,0,0,0,0.7886701
"You're being a jerk! 

Why do you insist on deleting the Radioactive Friends of the Deep page!?  This comic series is legitamet and one of the reasons you don't get anything on Google is because it's all in a different language and Google doesn't do different languages!!  Can we please just leave the page?  We are currently trying to get more soild information and trying to find a link that well let people view the actually comics.
Thank you for your time!",1,0,0,0,0,0,0.8573572
"""Concerning one point of disagreement concerning policy formulation in the above discussion, I would suggest that the normal approach is:
Yes, knowing something to be untrue, is generally accepted as a reason to tag or remove material. In fact, the extreme argument, which I do not have much sympathy with, is that questioning un-sourced material is always acceptable, no matter what the intention. (But then people generally add some proviso when arguing this extreme version, such as """"except when we are talking about obvious behavior issues"""".)
Trying to formulate what less extreme people think, I would say that believing something to be unlikely to be something that people could come to a consensus about being true is a valid reason for tagging or removing material.
This is perfectly consistent with our real way of working: verifiability, the ability to confirm that something is what rational people could agree to be true, is our threshold for inclusion, but not personal opinions about what is true.  

""",0,0,0,0,0,0,0.6775695
"Arg. 

THis shit is not CREDIBLE!",1,0,1,0,0,0,0.80304205
"""

""""Wikipedia is no place for cruelty, even a clichéd one!""""  Agreed. I have tagged it for cleanup. It obviously needs a wider set of views. Also, my lack of response was because I was absent from WP.   (talk - contribs) """,0,0,0,0,0,0,0.7882776
"""
Everywhere. Though I might just start going thru the secure server all the time, because I have a similar issue with the popups userinfo grabber. –xenotalk """,0,0,0,0,0,0,0.70308644
I am wrecking your Wikipedia. Do something.,1,0,0,0,0,0,0.8292437
"""

 Reverting for no reason 

I spent quite some time improving an article that was in a poor state.  Now two people have undone all my work with a click of a button.  You didn't have the courtesy to explain why you reverted it, but you still had the fucking cheek to accuse me of leaving an inaccurate edit summary.  No-one's that stupid so you were plainly just out to provoke me.  Well fucking well done, consider me fucking provoked.  I guess you didn't even bother to look at the changes before you put all that shit back.

Self-arrest refers to various maneuvers employed in mountaineering
It doesn't """"refer"""" to that; it is that.  You want to say """"Paris refers to the capital city of France"""" or """"Nile refers to a river that flows into the Mediterranean""""?
sliding down a snow or ice covered slope arrests (stops) the slide
 You think readers are too stupid to understand what """"arrests"""" means in this context?
himself or herself
 You think the single word """"themselves"""" is some how better expressed in three words?
and/or ice axe
 You never bothered to read WP:SLASH?
 These potentially life-saving techniques must be practiced frequently in order to maintain proficiency
 This website is called wikipedia, not wikimanual.  But you never bothered to read WP:NOT, did you?

That's just the first five, I made many more, I left the article looking considerably better and more encyclopaedic, but then you came along and fucked it all back up again.  Do you feel proud?  186.9.130.34  

Still waiting for you to justify your risible claim of OR. Also, stop stalking and harassing, eh? 186.9.132.124  """,1,0,1,0,0,0,0.75492036
"You appear to have forgotten to sign your post using ~~~~. Also, see here.",0,0,0,0,0,0,0.7478566
"I have reinstalled the 1930 date; even your source dates the code to 1930. Even if the code only became binding in 1934 (as claimed by this article), it is factually inaccurate to say the code itself was first implemented in any year other than 1930.",0,0,0,0,0,0,0.74708235
"SATAN

SATAN SATAN SATAN ROCKS",1,0,0,0,0,0,0.5630184
"NAZI WIKIPEDIA ADMINS
EVERYONE KNOWS THEY LOCK THESE ARTICLES SO ONLY THE LIBERAL NAZI WIKI ADMINS CAN CHANGE THE INFORMATION. THIS SITE IS THE WORSE WHEN IT COMES TO BEING FAIR!! ALL THE ADMINS VOTE THEIR FRIENDS IN AS ADMINS. IT IS A BIASED WEBSITE AND THEY DO NOT ALLOW INFORMATION THAT ALLOWS THEIR POLITICAL CANDIDATES TO LOOK BAD. THIS IS WHAT THEY DO IN CHINA AND NOW ON WIKIPEDIA.",1,0,0,0,0,0,0.5580388
"""
 What Kiaxar is doing is extremely disruptive, and he is going back to his own reversions. Dougweller, rather than step in to correct it and have It put back again by Kiaxar, I think page protection should be necessary.   ☎   """,0,0,0,0,0,0,0.8021887
Your name is I dream of horses what kind of virgin mongrel blue shite fan are you? Blato sit in the upper Gladwys street,1,0,1,0,1,0,0.7577523
I consider you calling me a vandal a personal attack.  The fat remains tha you ARE a jackass.  Asking for sources from a FIRST HAND witness?,1,0,0,0,1,0,0.8929735
"""

""""the real discussion is not about m/z or m/q but it is about wether the mass-to-charge ratio is a physical unit of dimension mass/charge or wether it is a dimensionless unit.  As someone who is interested in physics you may understand that I have real problems seeing a dimensionless m/z on the mass-to-charge ratio page.  It is the equivalent to have, for example, the """"electronic charge"""" in the article of the """"electric current"""".
This is the problem that I think you're either misunderstanding or too stubborn about your POV to accept. Whether or not you want to discuss the usage of m/z it still is accepted by IUPAC, which btw is not in any way a minority but reflects majority opinion amongst chemists. The wiki entries on notations, standards, units and the like should reflect nothing other than what bodies like IUPAP, IUPAC, and ISO, etc. deicide. I think you'll at least concede that your particular view about m/z is far more of a minority position than that of IUPAC's? Because I agree with you, I said that you should be allowed the opportunity to add a brief explanation of why there may be confusion, along with a discussion of other units, and to add an external link to any reputable journal where there has been a discussion of the problems of m/z. The most recent edit still looks like an attempt to completely discredit the concept of m/z altogether, which is still your POV.
Please keep the rest of the discussion about this mediation on the mediation page.  """,0,0,0,0,0,0,0.6498569
"STOP fucking deleting the November 27, 2009 bit from the release dates for the Virtual Console release of Super Mario Kart in Europe. The article itself says it's coming out on November 27, 2009. So if you ARE going to remove it from the infobox, at least remove it from EVERY single page that mentions the date. Even though it's CONFIRMED to be released on November 27, 2009... PRICK!",1,0,1,0,0,0,0.7683945
"Revert 

Hi.  You reverted me here. Your edit resulted in a link to a dab page. I don't believe we should be linking to a dab page.  Tx.",0,0,0,0,0,0,0.7909253
whatever you say gay boy. atleast i have a life and im not fucking unchanging shit on wikiepedia,1,0,1,0,0,1,0.8255209
"To the humongous faggot pro-russian administrator of the crimea page 

The fock is there to discuss you RETARD. Fock off wikipedia and take your head out of Putins soviet ass-hole, maybe then you'll get an understanding that reality is different from what your dumb media and dumb russian friends are trying to portray on the crimea page, you focking stupid vatnik. 

I'm honestly surprised you got administrators rights, without it the article wouldnt have survived in the state it is now ass-hole. 
Suck my penor and choke on it, there is nothing to discuss except reverting stupid russian lies on that page. I hope you die in a fire sooner than you get to revert all reasonable changes bitch nigguuuh, fock you

Also, please stop ruining wikipedia with your backwards russian culture. russia is crap, CRAP!!! and so are you",1,0,1,0,1,0,0.88246286
nope. TR was very keen on this point.,0,0,0,0,0,0,0.75314295
"Yes, and this page is wayyyyy too long as well. It really needs to be condensed heavily. There are much more important shows that don't have a tenth of what this article has. Shame.",1,0,0,0,0,0,0.7822088
This proves me correct: you were here within minutes.,0,0,0,0,0,0,0.8185884
"nice work removing edits, faggot ass piece of shit nice work removing edits, faggot ass piece of shit nice work removing edits, faggot ass piece of shit nice work removing edits, faggot ass piece of shit nice work removing edits, faggot ass piece of shit nice work removing edits, faggot ass piece of shit nice work removing edits, faggot ass piece of shit nice work removing edits, faggot ass piece of shit nice work removing edits, faggot ass piece of shit nice work removing edits, faggot ass piece of shit nice work removing edits, faggot ass piece of shit nice work removing edits, faggot ass piece of shit nice work removing edits, faggot ass piece of shit nice work removing edits, faggot ass piece of shit nice work removing edits, faggot ass piece of shit nice work removing edits, faggot ass piece of shit nice work removing edits, faggot ass piece of shit nice work removing edits, faggot ass piece of shit nice work removing edits, faggot ass piece of shit nice work removing edits, faggot ass piece of shit nice work removing edits, faggot ass piece of shit nice work removing edits, faggot ass piece of shit nice work removing edits, faggot ass piece of shit nice work removing edits, faggot ass piece of shit nice work removing edits, faggot ass piece of shit nice work removing edits, faggot ass piece of shit nice work removing edits, faggot ass piece of shit nice work removing edits, faggot ass piece of shit nice work removing edits, faggot ass piece of shit nice work removing edits, faggot ass piece of shit nice work removing edits, faggot ass piece of shit nice work removing edits, faggot ass piece of shit nice work removing edits, faggot ass piece of shit nice work removing edits, faggot ass piece of shit nice work removing edits, faggot ass piece of shit nice work removing edits, faggot ass piece of shit nice work removing edits, faggot ass piece of shit nice work removing edits, faggot ass piece of shit nice work removing edits, faggot ass piece of shit nice work removing edits, faggot ass piece of shit nice work removing edits, faggot ass piece of shit nice work removing edits, faggot ass piece of shit nice work removing edits, faggot ass piece of shit nice work removing edits, faggot ass piece of shit nice work removing edits, faggot ass piece of shit nice work removing edits, faggot ass piece of shit nice work removing edits, faggot ass piece of shit nice work removing edits, faggot ass piece of shit nice work removing edits, faggot ass piece of shit nice work removing edits, faggot ass piece of shit nice work removing edits, faggot ass piece of shit nice work removing edits, faggot ass piece of shit nice work removing edits, faggot ass piece of shit nice work removing edits, faggot ass piece of shit nice work removing edits, faggot ass piece of shit nice work removing edits, faggot ass piece of shit nice work removing edits, faggot ass piece of shit nice work removing edits, faggot ass piece of shit nice work removing edits, faggot ass piece of shit nice work removing edits, faggot ass piece of shit nice work removing edits, faggot ass piece of shit nice work removing edits, faggot ass piece of shit nice work removing edits, faggot ass piece of shit nice work removing edits, faggot ass piece of shit nice work removing edits, faggot ass piece of shit nice work removing edits, faggot ass piece of shit nice work removing edits, faggot ass piece of shit nice work removing edits, faggot ass piece of shit nice work removing edits, faggot ass piece of shit nice work removing edits, faggot ass piece of shit nice work removing edits, faggot ass piece of shit nice work removing edits, faggot ass piece of shit nice work removing edits, faggot ass piece of shit nice work removing edits, faggot ass piece of shit nice work removing edits, faggot ass piece of shit nice work removing edits, faggot ass piece of shit nice work removing edits, faggot ass piece of shit nice work removing edits, faggot ass piece of shit nice work removing edits, faggot ass piece of shit nice work removing edits, faggot ass piece of shit nice work removing edits, faggot ass piece of shit nice work removing edits, faggot ass piece of shit nice work removing edits, faggot ass piece of shit nice work removing edits, faggot ass piece of shit nice work removing edits, faggot ass piece of shit nice work removing edits, faggot ass piece of shit nice work removing edits, faggot ass piece of shit nice work removing edits, faggot ass piece of shit nice work removing edits, faggot ass piece of shit nice work removing edits, faggot ass piece of shit nice work removing edits, faggot ass piece of shit nice work removing edits, faggot ass piece of shit nice work removing edits, faggot ass piece of shit nice work removing edits, faggot ass piece of shit nice work removing edits, faggot ass piece of shit nice work removing edits, faggot ass piece of shit nice work removing edits, faggot ass piece of shit nice work removing edits, faggot ass piece of shit ni",1,1,1,0,1,0,0.71753544
"""

 Why no comment? 

I started an article on """"Voice of the Retarded"""" and you speedily deleted it. I should think you would have somewhere noted reason for action and suggested how I could get an entry started. I put in a request for editorial help in writing it but can't find any responses. 'Sup?

The Voice of the Retarded is a long-established advocacy organization with a stable website http://www.vor.net and much influence in the field they serve. They are also quite controversial but are just as deserving of a place in Wikipedia as other advocacy groups for Persons With Disabilities.

  """,0,0,0,0,0,0,0.767967
I personally don't find so strange the theory about Martians. The people that exist somewhere at the arrival of the settlers can be natives in a relation with them. I don't agree with the use of the term for the articles you enumerated either,0,0,0,0,0,0,0.6813706
"A classic BWilkins block, with all the familiar traits to experienced observers - brevity, arrogance and ultimately, ineffectiveness. In true BWilkins style though, someone else has to take his nonsense blocks to their inevitable conclusion . So take your bow Reaper Eternal, there's a good lad.

So here goes, BWilkins presumably blocked me because he thought I was about to OUT someone, yet in his incompetence failed to lock this page, so.....drum roll......User:Mo ainm used to be User:BigDunc, the account that 'retired' and never went back to editting the same articles, pulling the same stunts, or so the public record would have you believe.

Yes, that's the super secret information that the esteemed *arbitrator* Elen of the Roads thinks should be permanently stricken from the record, even though he's now the very conspicuous last man standing of a clique of Irish Republican editors who have been skewing Wikipedia articles for YEARS using the same despicable tactics, and are only now starting to be noticed by the sloths who work AE and be dealt with as appropriate (or 'retire' as they see the wriitng on the wall for their hard won 'reputations' as editors in 'good standing' who never got noticed by the dumbshits who are supposed to monitor editors for compliance with all policies, not just the easy ones).

Mo survives due in no small part to the fact that none of his mates ever had the good fortune of getting away with a mid-life secret change of identity, as well as the general cowardice of people like BWilkins, who usually run a mile rather than deal with something complex like GAMEing on Irish republican related articles. Nope, that's far too much like work for that lazy prick.

This change of identity is being covered up by Elen on the grounds of OUTing. Yes, that's right, Elen wants to stake her reputation on a patently ridiculous claim that knowing that Mo ainm is really a bloke called Duncan who lives in Ireland, is a violation of WP:OUTING, just to cover up the fact that she never bothered to verify whether this was 100% grade A bullshit before she started blocking people for calling it as such, those who were there at the beginning and know just exactly how this lucky cunt came to have this excuse land in his lap and save him from a complete FAIL in understanding what is and is not a CLEANSTART.

So here we are, with sponge brained morons like Reaper and detestible assholes like BWilkins continuing the farce with blocks and censures like this. So well done guys. Assuming neither of you has the backbone to do the necessary and end this farce once and for all by calling Elen out on her lies, one of you has to now ensure this post gets oversighted so she can continue this OUTing bullshit story of hers to cover her own incompetent deceitful ass. (ab)use of oversight is logged, so it's at least good to have more names added to the list of people who've enabled this bullshit for so long anyway, it was starting to look like a one woman crusade.

So....to be continued, as soon as I can register another account (ie in 5 seconds or so).",1,0,1,0,0,0,0.8049437
"You are such a dickwad. She did it, we all watched on TV, it's on fucking youtube. The problem I see here is that she is giving you blow jobs.",1,1,1,0,1,0,0.868804
"""
I have not told any other editors that they are idiots. I have reminded ). If anything, I was reminding User:Viriditas that we (the royal """"we"""") are not required to behave like idiots.
While I realise that the topic of United States diplomatic cables leaks is a very hot topic, I had not expected immediate purges of editors, without any warning, for the slightest whiff of ... whatever-it-is-I've-been-blocked-for. Frankly, my block is absurd.   """,1,0,0,0,0,0,0.758898
"let me tell you little man, a personal attack will be when I find you and beat the hell out of you.  Be very glad I don't know where you live or where I can find you.",1,0,0,1,0,0,0.86656797
Can you tell me why you are such a fag???????????,1,0,1,0,1,0,0.8104709
"All the links from this page seem to have been deleted. I have postd my dream dictionary. I do beleive that posting links is valid. How else is such information to be conveyed. I have spent years analysing dreams. Its not a science. Yet I have attempted to backwards engineer dreams. Look at important events that could trigger dreams. Then see how the dream symbols relate to reality. Hey I maybe spamming. But other than posting up an entire dream dictionary how is such information to be conveyed. Really I thought this was a half decent sitye. Now I just see certain people enforce their own ideas. There is really no democracy.
For your interest this is my site

Dream symbols

That link to http://dmoz.org is useless. Its just a dream directory. Its imposible to joing it because the peopkle who run the sitys have long since lost interest. Just dump it. Its worthless.",0,0,0,0,0,0,0.7569536
"Stop Vandalizing Wikipedia! 

Don't vandalize, jerk. Your messing up the articles with nonsense. Please stop or be blocked!",1,0,0,0,0,0,0.8023417
"I am a sock puppet? THAT is my ban reason? This is my only account, and thanks for ignoring the bulk of my text. Wikipedia IS corrupt AND populated by idiots. I am free to say this, so please refrain from saying anything like that again. I didn't get banned for trolling, or personal attacks, I got banned because I changed an article to NPOV when the far majority of the editors here would rather the see the BNP article as a diatribe denouncing the party.",1,0,0,0,0,0,0.8331035
"How is it greater precision to widen the definition?  My opinion is that shock, fatigue and exhaustion are all much more recognizable, more meaningful and negative than simply disorder.  In turn, this means that disorder is more neutral and thus euphemistic.",0,0,0,0,0,0,0.66582274
"new section 

your retarded",1,0,0,0,0,0,0.4472689
We dont know its not like she can answer you,0,0,0,0,0,0,0.76172316
"GUYZERO BITE ME
GO AHEAD AND BLOCK THE IP I DONT CARE. IT IS ONLY USED BY ABOUT 10k PEOPLE. BETTER YET GO FUCK YOURSELF",1,0,1,0,1,0,0.63116956
"Please do not delete websites without knowing what you are doing. This is a big game, its just not world wide yet, i've seen many articles like this on wikipedia, i don't see how ours is diffrent, until then fick dich",1,0,0,0,0,0,0.82771116
Screw you.149.254.186.158,1,0,0,0,0,0,0.6694627
"(UTC)

And fundamental Christains are not as vehement?  Go f*** yourself.  16:48, 27 March 2007",1,0,1,0,1,0,0.8244857
"your dumb 

your dumb",1,0,1,0,1,0,0.57040465
"IS A FASCIST BULLY CONSTANTLY ATTEMPTING TO FORCE HIS WILL ON OTHERS

FUCKING RACIST FAGGOT",1,1,1,0,1,1,0.5920416
"I... really have nothing left to say. My sincere apology... I will now post a restriction; I will cease going to the noticeboards, and only really edit articles that interest me. I will try to stop posting on talk pages as well. Far an away I am... i...i.. don't know what else to do except wait. I'm keeping up this page for now, in order to wait. Signed... yours truly,",0,0,0,0,0,0,0.81285393
heres ya stupid signature as well you faggots129.234.155.162,1,0,1,0,1,1,0.83580935
"Test edits 

 Please stop making test edits to Wikipedia. It is considered vandalism, which, under Wikipedia policy, can lead to blocking of editing privileges. If you would like to experiment again, please use the sandbox or show preview button.",0,0,0,0,0,0,0.61047006
"Hey you fucking nigger whore, I'm removing completely false information.  BAN FORTHCOMING!",1,1,1,0,1,0,0.9325959
"Get lost vandal! 

Stop removing the notability tag from Steve Rackman. He's not notable and you know he's not notable! Stop making excuses and leave the tag alone! Better still, send it to AfD! 101.182.144.48",0,0,0,0,0,0,0.82250106
""":The wording that was reverted was as follows:


Northern Ireland (, Ulster Scots: Norlin Airlann) is a part of the United Kingdom of Great Britain and Northern Ireland[2]...

2 In common with the other constituent parts of the United Kingdom, Northern Ireland is sometimes referred to as a """"country"""" (example). The UK government also refers specifically to Northern Ireland as being a """"province"""" (UK: example; NI: example) or a """"region"""" (UK: example; NI: example). Regardless of the choice of term, it is likely to be unsatisfactory and can imply a preferred political perspective:
 """"One problem must be adverted to in writing about Northern Ireland. This is the question of what name to give to the various geographical entities. These names can be controversial, with the choice often revealing one's political preferences. ... some refer to Northern Ireland as a 'province'. That usage can arouse irritation particularly among nationalists, who claim the title 'province' should be properly reserved to the four historic provinces of Ireland-Ulster, Leinster, Munster, and Connacht. If I want to a label to apply to Northern Ireland I shall call it a 'region'. Unionists should find that title as acceptable as 'province': Northern Ireland appears as a region in the regional statistics of the United Kingdom published by the British government."""" - J. Whyte and G. FitzGerald, 1991, Interpreting Northern Ireland, Oxford University Press: Oxford
 """"One specific problem - in both general and particular senses - is to know what to call Northern Ireland itself: in the general sense, it is not a country, or a province, or a state - although some refer to it contemptuously as a statelet: the least controversial word appears to be jurisdiction, but this might change."""" - S. Dunn and H. Dawson, 2000, An Alphabetical Listing of Word, Name and Place in Northern Ireland and the Living Language of Conflict, Edwin Mellen Press: Lampeter
 """"Next - what noun is appropriate to Northern Ireland? 'Province' won't do since one-third of the province is on the wrong side of the border. 'State' implies more self-determination than Northern Ireland has ever had and 'country' or 'nation' are blatantly absurd. 'Colony' has overtones that would be resented by both communities and 'statelet' sounds too patronizing, though outsiders might consider it more precise than anything else; so one is left with the unsatisfactory word 'region'."""" - D. Murphy, 1979, A Place Apart, Penguin Books: London and it is situated in the north-east of the island of Ireland. It shares a border with the Republic of Ireland to the south and west. At the time of the 2001 UK Census, its population was 1,685,000, constituting between a quarter and a third of the island's total population and about 3% of the population of the United Kingdom.


Snowded, what is it that you find incorrect about this? The phrasing used is verbatium copy of how Northern Ireland is described on that 10 Downing Street webpage you keep wheeling out:""""Northern Ireland is a part of the United Kingdom...""""
Your approach is based on a cherry picking of sources. The copy you oppose is neutral, source-based and explains the issue clearly, factually and fairly. If there are specific issues with it then critique it. Don't just say, """"I don't like it"""". rannṗáirtí anaiṫnid (coṁrá) 

""",0,0,0,0,0,0,0.5576584
"""

plagiarism
Large portions of the article read as though they were written a century ago: and indeed they were; much turns out to have been taken verbatim from the source referenced in note 1, McClintock/Cyclopaedia of Biblical, theological, and ecclesiastical literature (1889) (""""Bronze Age Writing"""" section from p 992, etc., see Google Books) Quite aside from the issue of propriety is the fact that the information presented is rather... dated.
  """,0,0,0,0,0,0,0.6777586
"(The Times, Monday, June 4th, 1928) ~ Foreign Office List.  Order of St. Michael & St. George. ORDER OF MERIT ~ (Sir) George Abraham Grierson, K.C.I.E., Ph.D., D.Litt., LL.D.  In recognition of his eminent position as an oriental scholar & of the value to the Empire of his work on Indian Languages and Dialects.",0,0,0,0,0,0,0.48225087
"Fuc You! 

FY!
S.HIT",1,0,1,0,1,0,0.5505358
"""

Absorption = Fujiwhara effect, as it is an interaction. If the law has to go with yours, why does the article has a few examples of systems merging or absorbing? This is ridiculous! 
Besides, a sentence sates it here in the article that Alpha was absorbed by Wilma, and why can't we show a picture of it for viewers to get more information like, a view of there own? You should wake up from your sleep. (talk✉) """,0,0,0,0,0,0,0.77059084
"Imperial triple crown jewels 

' upon Ragesoss for your contributions in the areas of WP:DYK, WP:GA, and WP:FA.   ]]  Thank you for contributions to the project, Great work, especially on those Featured pictures - beautiful and'' quite useful to the project, nice work.  May you wear the crowns well.",0,0,0,0,0,0,0.78099465
"I HATE YOU 

LISTEN YOU MOTHERFUCKER, STAY OUT OF MY WAY, DONT TELL ME IM VANDALISING STUFF OR ILL COME AND VANDALISE YOU UGLY FACE. ILL COME FIND YOU AND MUSHHHHHHHHH YOU FAT ASS UP!!!!! and thanks for showing me the sandbox.
                                          MUGAMBO",1,0,1,1,1,0,0.66385794
"""

 The Ouse 

You reverted my edit with a smart comment. The user who inserted the ref. is the claimed author of the """"work"""". I can find no trace of it in the ISBN catalogue, as I can find no trace of other """"works"""" the user cites on other pages.. I'm in the process of assembling a """"sock puppet"""" list for this user, and I'm currently up to a total of over 30 accounts he's used over the last 5 years, of which 5 of are current. I'd be grateful if you would leave any such edits of mine in place.   """,0,0,0,0,0,0,0.7560843
"Vandalism 

Someone messed up the order of entrances with superstars from TNA and even legends. Someone please correct them.",0,0,0,0,0,0,0.7937571
Mind your business,0,0,0,0,0,0,0.46545807
"Thanks for your help 

Thanks for all your helps with the vandal reverts. We sure do appreciate the hard work!137.240.136.80",0,0,0,0,0,0,0.80566454
"Always Do Well To Stop A Citizen's Arrest? 

Hey, I absolutely refuse to edit articles.  I've left that duty to my betters.  Why don't you try to fix the problems that hamper good reading out of Wikipedia?  I come here often to learn something new.  I don't like being jerked around by anybody, whether those guilty of breaking all the rules, or you who wants to ignore it and shove a boot up my ass for complaining!  24.255.11.149",1,0,1,0,0,0,0.8353001
"Please stop. If you continue to vandalize Wikipedia, as you did to User:Animum/About, you will be blocked from editing.  ''''''",0,0,0,0,0,0,0.8016875
"""

Look there are clearly more """"people"""" here that hate my guts than love me; it's very simple and clear - delete and trash ANYTHING THAT I DO HERE simply because I DO IT. Fifteen fools that are friends/allies/meat-puppets/jyronies can outvote my junior arz any day of the week because I am just myself alone.  The Democracy of stupidity prevails whether it is correct or no! Who gives a carp if it is """"my personal site"""" If it has something to offer to this article, has no advertising then what in the FREAK does it matter, anyhow?  """,1,0,0,0,0,0,0.88017917
""":I agree that there might be a problem  however, I generally agree with the changes made since Nov./05 and still do.  Moreover, your above analysis et al. is not necessarily agreeable and glazes over usage of the term, which is no less valid or verifiable, that might differ from cited definitions which seem (IMO) incomplete and minimalist.  For instance, an online search will reveal a number of instances of """"single(-)star system"""" and I think it somewhat difficult to demonstrate they they too are incorrect.  Even if those are discarded, applying this notion merely to systems with two or more stars (double, trinary) to the exclusion of single-star entities (e.g., the Solar System) seems rather illogical.  Alternatively, the current article and definition/content is neither beyond the scope of the topic nor inaccurate.

Thus, I defer to my prior comments: until there is overwhelming evidence to support this position (and I yet do not see it) or additional editorial comment, I see little reason to change the status quo.  

""",0,0,0,0,0,0,0.7607978
I don't understand why we have a screenshot of AP's GUI but not UB. Can someone remedy this?,0,0,0,0,0,0,0.7836995
"""

 Message 

Hi, I explained the """"hypocritical"""" part for you on Fastily's talk page. It's all about one .   """,0,0,0,0,0,0,0.77145696
", GAY! Ha 

I thought the same thing, He might be. this made my day, hahaha! 
   Tlk | E-M  05:22:20, 2005-09-11 (UTC) (this user is Homophobic)",1,0,0,0,0,1,0.85380423
"""
No, it just makes it a bigger Cabal, and now you are implicated as a member ;-)  DanielTom has now been blocked with email and talk page revoked.  I never understood the whole """"all admin act together"""" mentality.  If you put any 4 in a room, you couldn't get them to agree on toppings for a pizza. There is always one that insists on pineapple or anchovies.    / 2¢ / © / @ """,0,0,0,0,0,0,0.8207818
"""{| style=""""background-color:#F5FFFA; padding:0;"""" cellpadding=""""0""""
|class=""""MainPageBG"""" style=""""border:1px solid #084080; background-color:#F5FFFA; vertical-align:top; color:#000000; font-size:85%""""|
 Hello ! Welcome to Wikipedia! Thank you for your contributions. If you decide that you need help, check out Getting Help below, ask me on my talk page, or place {{helpme}} on your talk page and someone will show up shortly to answer your questions. Please remember to sign your name on talk pages by clicking  or using four tildes (~~~~); this will automatically produce your username and the date. Finally, please do your best to always fill in the edit summary field. Below are some useful links to facilitate your involvement. Happy editing!   
{| width=""""100%"""" style=""""background-color:#F5FFFA;""""
|class=""""MainPageBG"""" style=""""width: 55%; border:1px solid #FFFFFF; background-color:#F5FFFA; vertical-align:top""""|
 Getting Started Wikipedia Tutorial • The five pillars of Wikipedia
 How to: edit a page • Your first article • Upload an image • Citing Sources (References) Getting Help Frequently Asked Questions
 Where to ask questions or make comments
 Request administrator attention Policies and Guidelines Neutral point of view • Reliable sources
 Verifiability • Citing sources • No original research
 What Wikipedia is not • Biographies of living persons

 Manual of Style • Three-revert rule • Sock puppetry
 Copyrights • Fair use • Image use policy
 External links • Spam • Vandalism
 Deletion policy • Conflict of interest • Notability
|class=""""MainPageBG"""" style=""""width: 55%; border:1px solid #FFFFFF; background-color:#F5FFFA; vertical-align:top""""|
{| width=""""100%"""" cellpadding=""""0"""" cellspacing=""""5"""" style=""""vertical-align:top; background-color:#F5FFFA""""
! The Community
|-
|style=""""color:#000""""|
 Build consensus • Resolving disputes
 Assume good faith • Civility • Etiquette
 No personal attacks • [[Wikipedia:No legal threa",0,0,0,0,0,0,0.43356887
""" why don´t you block vandercken he made a""""personal attack"""" How many @!$%?*# times are people going to try to redesign the Main Page? Leave it alone and focus on getting our articles up to scratch.""",0,0,0,0,0,0,0.8586443
REDIRECT Talk:Vanda 'Miss Joaquim',0,0,0,0,0,0,0.44671544
You are such a cracker.,1,0,0,0,0,0,0.73986757
nice try! Raheem Kassam you are a sad individual,1,0,0,0,1,0,0.80136144
"I don't think I was talking to you, was I? I was talking to the person who blocked me. Now fuck off, you worthless cunt.",1,0,1,0,1,0,0.8382556
"Shared IP Unblock 

One of my students just received the message informing us of the unblock.  I would like to thank you for taking the time to review the request that I sent in.  I can assure you that nothing like this will happen in the future, as I've made sure that the students responsible have learned their lesson.  Again, thank you very much for your time.  Sincerely, Mrs. Dawn Booher",0,0,0,0,0,0,0.70269275
This clown is a fucking faggot that doesn't know his dick from his pussy.  He deletes others pages on a fucking whim.  Yours is proof of it,1,0,1,0,1,0,0.88735557
"""

  good job u nazi dick sucker 

  nazi dick sucker u have sucked the most nazi dick and i think u deserve an award for it u stinkin ass jew. block me i dont care i have more accounts u slutbag i dont have to do shit u say u jewish cunt.   """,1,0,1,0,1,1,0.77090716
"guess what ==

your retarded

==",1,0,0,0,1,0,0.6300442
"Where are your sources? Or proofs? Did you go on kabam forum and got response from their team? If not, why you havent? Youve been here reverting my changes for a week.

You had a hunch that smth changed. Thats it. And you allow yourself to change this article. NOT WRITE IT, CHANGE IT. So there are 2 editors who said they are playable, and you as 1 person are still right.
In a mean time, before i managed to reply you, smbdy else already changed hawkeye and spideman back. So, now there are 3 of us. Will you change it again?

Furthermore, you asked me to give you a proof, and i posted an ss. Now you are questioning validity of that, and my candour with it. Then why you bothered to ask me in a first place?! Because you are bored? Im not. Really am not.
And there are not more of you, there is only you. I am not explaining this to other readers or editors, nobody in this argument but you and me. There are other ppl editing this, they wouldve joined so far if they wanted. Stop using plural. 
Is hulk a bot in this picture?! Really?! Have you even played the game? And when you 'did' play, how many times your champ was on the right side in the battle?? Try to think before coming after someones integrity. Or just try to think. Anyplace. Anytime.

No, that is not my spiderman. Like a reasonable, logical being, after i seen that someone changed this article here, i asked my ally if they have one of the champs, and if they could try to play 1v1 with them. Only few people didnt sell those 1*s in my ally, but luckily one of them few had 2 of those and he sent me ss, which i posted here.
But being an awesome mate and even better human being, even i asked for only one ss, he sent me few of them ss1  ss2 ss3  ss4, apologized for late wolverine ss, and asked if i needed it better. I said no, cause i thought im dealing with a normal person. Honest mistake.

Ive done my elaborations. With even one ss, your whole theory falls, i really dont have to prove the others. That Thor i never seen, never heard about him, so i think its normal i never mentioned it, nor have i ever changed anything about him. Do try to contact kabam about that as well.

Now, im done writing to you. If you gonna ask for another ss, to prove every champ you think doesnt exist, exists, then you know where you can go.
I think ive proven more than i need, especially since i had to prove innocence in a first place. Meanwhile, ill keep changing it until i get blocked. Then im done with editing ever, ill die of heart attack before 40.
Auf wiedersehen, my french friend, hope you have a very lucky, lucky life.",0,0,0,0,0,0,0.81466174
~I heard that Dick Gephardt was actually president in 1988 but that the Miami Dolphins made us all forget during a mass hypnosis. 68.0.119.139,0,0,0,0,0,0,0.78256226
"""

 Citations from NLA Trove 

Hello Kerry! You have visited a number of articles initiated by me, and done some useful housekeeping by converting citations based on NLA Trove to a persistent URL. For example - see this diff. I'm not fully aware of the significance of these changes, nor am I capable of using WP:AWB. The following articles were also initiated by me, contain many citations of NLA Trove, but have not been up-dated with the persistent URL:
VH-RMI
VH-RMQ
VH-TVC
I would be grateful if you would visit these three articles and work your magic. Many thanks.  (t) """,0,0,0,0,0,0,0.67477834
"High-yield debt 
 Please stop your disruptive editing. If you continue to vandalize Wikipedia,  you will be blocked from editing.   ☎",0,0,0,0,0,0,0.7703452
"""
Isn't the point that religious sources on a religious subject are, ehm, biased? talk """,0,0,0,0,0,0,0.7130853
"YOU NEED SUM PUSSY GO PAY A GIRL SHE WILL TAKE CARE OF YOU, I SAY THIS BECUASE MOST PPL HERE ARE DORKS AND VIRGINS THATS NEVER EVEN TOUCHED THE A FEMALE",1,0,0,0,0,0,0.62559247
"This is Spitfire 

I'm a giant douche, that's why I monitor Wikipedia 24/7. I've never been laid and live in my mommy's basement, even though I'm 48 years old. To all the ladies, please give me a chance.... even though my penis is only 2 inches long.",0,0,1,0,0,0,0.82384527
I'm sorry that you feel this way.,0,0,0,0,0,0,0.7336681
"Juergen Klinsmann 

He represents the USA...  
http://en.wikipedia.org/wiki/Juergen_Klinsmann

He has a USA passport.
Why is he listed as a German???

You're robbing us all of the fact that Julian Green grew up almost exclusively in Germany and denying that.  That's factually inaccurate and it should be pointed out that he's an American-German.  What's right is right.  What's accurate is accurate.  Don't be a wanker.",1,0,0,0,1,0,0.7353246
"""::: However, we could clearly mention something about Dick Cheny being a constant """"joke"""" on shows like the Daily Show. Including a man sized safe in his office and assassin squads... Wait, who are you? What are you doing... NO!!! *BLAM BLAM* AARRRRRRGH 213.141.89.20  

""",0,0,0,0,0,0,0.8166757
"""

 Please Help There are Stalkers monitoring the Stalking Page - 

Stalkers Have found their way to this Page*-they have posted the Garbage (you can see by lack of flow abruptness, etc.. edit and delete all else
You can tell that it is not proper-it matches nothing* very choppy splicing and no flow.  Most """"Stalkers"""" do the -not-intilectual approach-
Yes, the actual Wikipedia """"Stalking"""" page, has Stalkers on it. . ..   They seem to be actual sociopaths - and have added Garbage to slander - stalking victims. ..    

- by the way, these people are going to try to draw you out into a conversation using manipulation i.e. emotional etc . . .  Please do not allow that 0

I added a small paragraph, which I incidentally found on the """"Harassment"""" topic - and it is accepted on Wiki already- as it is used on that page - it completed and matched the entire flow of page-but it was deleted (vandalized) on the 24th. Please Help !  Stalkers Have found their way to this Page*
-they have posted the Garbage edit and delete all else""",0,0,0,0,0,0,0.83018434
